"student_id","program_id","cohort_year","age","gender","first_gen","year_in_prog","funding","social_support","advisor_quality","hours_worked","imp1","imp2","imp3","imp4","imp5","stress1","stress2","stress3","stress4","stress5","wellbeing","counseling"
1,"prog_2","cohort_2",28,"woman",0,4,"fellowship",5.1,1.2,61,3,4,4,4,3,4,4,4,4,3,45.5,1
2,"prog_5","cohort_1",23,"man",1,4,"TA",5.5,5.2,71,4,4,4,3,5,4,4,3,4,4,14.4,1
3,"prog_5","cohort_1",28,"woman",0,1,"unfunded",4.8,4.7,60,3,3,3,2,2,5,5,5,5,5,46.4,0
4,"prog_4","cohort_2",26,"woman",1,5,"TA",6.2,4.8,48,3,4,3,3,3,1,2,3,2,3,71.7,1
5,"prog_1","cohort_2",28,"woman",0,1,"RA",5,5.2,75,4,4,3,4,4,1,2,1,2,2,42.3,0
6,"prog_5","cohort_1",25,"woman",1,1,"unfunded",2.7,6.8,55,2,3,3,3,3,3,4,4,3,5,46.4,1
7,"prog_1","cohort_2",25,"man",0,2,"RA",5.9,4.3,58,4,3,3,4,4,2,2,2,2,2,34.6,1
8,"prog_2","cohort_3",24,"nonbinary",0,2,"RA",4.9,1.8,48,3,4,3,4,4,4,3,4,4,3,40.8,0
9,"prog_2","cohort_3",25,"man",0,2,"RA",5.8,6,41,2,4,3,3,3,3,3,3,3,3,55.8,1
10,"prog_5","cohort_1",27,"nonbinary",1,1,"TA",4.2,4.4,60,3,2,3,2,3,3,3,2,3,3,27.4,0
11,"prog_3","cohort_3",27,"woman",1,1,"TA",6.9,5.9,49,2,3,2,2,2,4,4,4,4,4,74.4,1
12,"prog_5","cohort_3",24,"woman",0,4,"RA",1.8,5,60,3,3,2,2,2,3,5,5,4,4,23.5,1
13,"prog_6","cohort_3",25,"man",1,4,"RA",6.3,4.3,57,2,3,2,3,3,3,3,4,3,4,48.2,0
14,"prog_4","cohort_1",27,"woman",0,3,"TA",5.4,7.1,42,3,4,4,3,3,3,3,3,4,3,68.7,1
15,"prog_6","cohort_2",27,"woman",1,5,"TA",2,3.1,75,3,3,3,4,4,3,3,4,4,3,22.5,1
16,"prog_2","cohort_2",27,"man",0,2,"fellowship",4.7,6,40,2,2,3,3,2,3,2,3,3,3,49.6,0
17,"prog_2","cohort_1",26,"man",0,2,"RA",6.2,6,54,3,3,3,3,4,3,2,2,3,2,45.6,1
18,"prog_4","cohort_3",27,"woman",1,1,"TA",6.3,5.7,70,2,2,1,2,3,1,1,3,3,2,68.4,1
19,"prog_2","cohort_1",25,"man",0,4,"RA",4.2,5.9,42,3,3,3,3,3,4,4,4,4,3,53.4,0
20,"prog_2","cohort_1",25,"woman",0,2,"unfunded",7,3.3,56,4,4,4,4,4,2,2,1,1,2,54.9,1
21,"prog_5","cohort_1",25,"woman",0,1,"TA",6.1,6.6,56,4,5,3,4,4,4,3,2,3,3,50.4,1
22,"prog_1","cohort_2",24,"woman",0,2,"RA",4.2,6.2,43,2,2,3,4,3,3,3,3,4,3,53.1,1
23,"prog_3","cohort_3",28,"man",0,4,"RA",6,3.3,60,4,4,3,3,3,3,3,3,4,3,43.9,1
24,"prog_3","cohort_3",25,"woman",0,1,"TA",3.9,3.1,68,4,5,5,4,5,4,3,4,4,3,32.6,0
25,"prog_1","cohort_1",25,"woman",0,2,"RA",4.8,5.5,50,1,2,1,2,1,1,2,1,2,1,78.7,0
26,"prog_6","cohort_1",27,"woman",1,1,"RA",4.5,3,61,4,3,4,3,4,2,3,3,3,3,46.4,1
27,"prog_1","cohort_3",28,"woman",0,5,"unfunded",5.3,5.8,44,3,3,4,3,3,4,4,3,4,4,58,1
28,"prog_4","cohort_2",26,"woman",0,1,"RA",5.6,5.9,49,5,4,3,4,5,3,4,3,3,3,54.2,1
29,"prog_4","cohort_2",30,"woman",0,1,"unfunded",3.4,5.2,61,2,3,4,4,4,2,4,5,3,3,50,0
30,"prog_4","cohort_2",28,"man",0,3,"RA",6.6,4.9,58,2,3,3,4,4,5,4,3,4,5,59.9,1
31,"prog_4","cohort_3",26,"man",0,2,"RA",3.5,3.3,47,4,4,4,3,4,1,1,1,1,2,37.9,0
32,"prog_3","cohort_1",28,"man",0,2,"TA",5.3,5.9,49,3,3,4,3,2,3,4,4,4,3,54.3,0
33,"prog_2","cohort_1",23,"woman",0,4,"TA",7.8,4,71,3,3,4,4,5,2,3,2,4,2,54.4,1
34,"prog_4","cohort_3",26,"woman",0,4,"RA",4.5,5.8,65,3,1,2,2,3,1,2,1,2,2,67.1,0
35,"prog_4","cohort_3",28,"woman",1,1,"unfunded",5.5,3.9,49,4,4,4,4,3,2,2,3,2,2,55.3,1
36,"prog_1","cohort_3",27,"woman",0,4,"fellowship",3.8,5.7,50,5,5,4,4,5,4,4,4,4,4,50.9,1
37,"prog_4","cohort_2",30,"man",0,3,"TA",5.8,5.5,75,4,3,3,4,4,3,4,3,3,4,42.4,1
38,"prog_2","cohort_1",30,"woman",0,1,"RA",4.8,4.5,44,3,3,3,3,3,2,3,2,3,3,40.7,0
39,"prog_4","cohort_2",26,"woman",0,6,"RA",7.6,1.9,46,3,4,3,3,4,4,4,4,4,3,60.5,0
40,"prog_4","cohort_3",28,"man",0,2,"RA",5.1,8.4,62,2,3,2,4,2,4,3,3,3,3,57.5,0
41,"prog_4","cohort_2",26,"woman",0,4,"fellowship",5.7,6.5,41,3,4,4,3,4,3,3,3,3,3,67,0
42,"prog_1","cohort_3",26,"nonbinary",0,1,"TA",4.9,6.5,48,4,4,4,3,4,3,4,3,3,4,44.5,0
43,"prog_5","cohort_3",32,"woman",0,3,"TA",2.1,5.2,65,4,4,5,4,3,2,2,2,3,3,31.9,1
44,"prog_4","cohort_2",25,"woman",0,1,"RA",6.5,2.2,58,3,2,3,3,4,2,3,2,1,2,61.8,0
45,"prog_3","cohort_3",28,"man",0,2,"TA",3.4,4.9,67,3,3,3,4,3,1,1,1,1,1,44.6,0
46,"prog_1","cohort_1",26,"woman",1,4,"TA",3.8,2.8,56,1,2,2,1,1,3,5,4,4,5,36.2,1
47,"prog_2","cohort_3",28,"woman",1,2,"unfunded",8.4,4.9,46,4,3,3,4,3,4,4,5,5,5,57.9,1
48,"prog_1","cohort_3",30,"nonbinary",0,1,"RA",5.4,5.8,67,4,3,3,3,3,3,3,3,3,3,43.8,1
49,"prog_1","cohort_3",28,"woman",1,3,"RA",5.9,3.8,50,4,4,3,4,4,4,3,4,4,4,45,1
50,"prog_1","cohort_3",27,"man",0,1,"fellowship",4.1,4.2,58,3,4,3,4,3,5,5,5,5,5,19.8,1
51,"prog_6","cohort_2",29,"man",0,1,"TA",3.7,5.7,48,2,3,2,2,2,5,5,4,5,4,31.7,1
52,"prog_2","cohort_2",27,"man",0,3,"fellowship",3.2,5.5,64,4,3,4,3,3,2,2,2,2,2,40,1
53,"prog_1","cohort_1",27,"man",0,4,"TA",3.3,6.3,58,3,2,2,2,3,4,3,3,3,3,40.5,0
54,"prog_3","cohort_3",31,"man",1,2,"unfunded",4.3,6,55,4,4,5,4,4,5,4,4,5,4,34,1
55,"prog_1","cohort_2",25,"woman",0,3,"RA",6.1,3.6,72,5,4,4,4,4,3,3,4,4,3,48.3,0
56,"prog_1","cohort_2",26,"woman",1,2,"fellowship",6.7,5.5,69,2,3,2,2,3,5,5,5,5,5,56.7,0
57,"prog_6","cohort_2",28,"woman",0,2,"TA",4.5,4.1,54,4,3,3,3,4,2,4,3,3,3,43.9,1
58,"prog_4","cohort_2",27,"woman",0,1,"TA",4.4,3.6,56,4,2,4,2,3,4,4,5,5,5,44,0
59,"prog_1","cohort_2",27,"woman",0,6,"RA",4.2,2.1,63,2,2,2,2,2,4,3,5,5,5,42.9,0
60,"prog_5","cohort_3",29,"woman",0,2,"fellowship",3.9,5.2,51,2,2,3,3,2,5,5,5,5,4,34.6,0
61,"prog_3","cohort_1",28,"woman",0,3,"TA",6.2,7.5,73,3,2,3,2,2,4,4,4,4,4,62.7,1
62,"prog_5","cohort_1",29,"woman",1,3,"fellowship",6.1,3.4,45,3,3,2,2,1,4,5,5,5,4,46.7,1
63,"prog_2","cohort_2",20,"man",0,3,"RA",7.2,3.9,58,3,3,3,4,3,4,3,2,2,1,50.3,0
64,"prog_2","cohort_1",25,"man",1,2,"fellowship",7.1,4.2,66,2,3,2,3,3,2,1,2,3,2,36.8,0
65,"prog_1","cohort_1",26,"man",1,1,"TA",3.9,4.5,46,1,2,2,2,2,3,4,4,5,4,35.5,1
66,"prog_3","cohort_2",23,"man",0,1,"RA",5.8,6,55,3,2,3,2,3,2,3,3,2,3,70.7,0
67,"prog_4","cohort_3",21,"woman",1,3,"TA",6.8,6.1,66,1,1,1,1,1,4,5,4,4,5,51,1
68,"prog_5","cohort_2",31,"man",0,6,"fellowship",4.9,4.5,68,2,3,2,2,2,4,5,5,4,5,27,1
69,"prog_6","cohort_1",24,"man",0,1,"RA",8.1,4.1,51,2,2,2,3,2,3,3,3,4,3,48.7,0
70,"prog_3","cohort_1",27,"man",0,6,"fellowship",3.4,4.1,52,3,2,3,3,2,2,3,3,3,3,41.4,0
71,"prog_1","cohort_2",30,"woman",0,2,"RA",6.6,5.8,42,2,2,4,3,2,4,4,4,5,4,77.2,0
72,"prog_1","cohort_2",27,"woman",0,2,"TA",4.2,7.8,68,3,4,3,2,2,4,4,3,4,4,44.9,0
73,"prog_3","cohort_3",20,"woman",0,1,"TA",5.7,2.2,62,2,2,1,2,2,5,5,5,5,5,46.1,1
74,"prog_3","cohort_1",28,"woman",1,1,"fellowship",6.8,4.6,44,3,3,3,3,2,2,2,3,2,2,73.1,0
75,"prog_6","cohort_1",24,"nonbinary",0,4,"TA",4,5.8,57,5,4,4,5,3,3,4,4,4,3,22.5,1
76,"prog_1","cohort_2",26,"man",0,1,"unfunded",3.8,5.5,53,4,4,4,3,2,2,1,3,2,2,54,1
77,"prog_1","cohort_2",28,"man",0,3,"RA",4.9,3.3,57,4,4,3,4,4,3,3,2,2,2,25.2,1
78,"prog_5","cohort_1",24,"woman",0,3,"RA",6,6.2,68,4,4,4,4,5,1,2,2,2,2,51.6,1
79,"prog_3","cohort_1",25,"man",0,2,"fellowship",5.2,4.3,49,1,1,1,1,1,4,4,4,4,4,47.8,0
80,"prog_5","cohort_3",26,"woman",0,1,"TA",6.9,6,60,3,2,3,2,2,3,1,2,3,2,65,0
81,"prog_4","cohort_3",25,"woman",0,2,"TA",5.5,7.8,66,1,2,1,1,1,3,3,3,3,3,64.9,0
82,"prog_3","cohort_2",26,"woman",1,1,"fellowship",6.2,6.2,67,3,3,3,2,3,4,3,2,3,3,64,1
83,"prog_4","cohort_2",27,"woman",0,2,"RA",4.1,3.8,50,3,4,4,3,3,2,3,2,2,2,51.4,0
84,"prog_5","cohort_3",21,"woman",1,2,"fellowship",4.5,5.2,44,3,2,2,3,3,2,2,2,1,2,51.5,0
85,"prog_6","cohort_3",27,"man",0,3,"TA",4.7,4,63,5,5,4,5,4,5,4,5,5,4,8.8,1
86,"prog_4","cohort_1",25,"man",0,6,"TA",6.3,7.2,51,4,4,3,3,3,2,2,2,2,1,54.1,0
87,"prog_6","cohort_1",27,"woman",0,2,"fellowship",7,5.2,66,5,3,4,3,4,3,3,4,3,3,67.6,0
88,"prog_1","cohort_1",34,"man",1,1,"unfunded",4.4,8,65,2,1,3,2,2,3,3,3,3,4,45.1,0
89,"prog_1","cohort_3",31,"woman",0,6,"fellowship",6.6,1.6,45,2,1,1,2,1,3,3,3,3,4,49.7,0
90,"prog_4","cohort_3",28,"nonbinary",1,5,"RA",7.2,7.2,70,4,3,4,4,2,2,2,2,2,3,46.5,1
91,"prog_6","cohort_1",28,"woman",0,3,"RA",3.2,6.2,55,1,3,2,2,2,3,3,2,4,2,37.4,0
92,"prog_3","cohort_2",21,"woman",1,3,"RA",4.4,3.5,47,2,2,3,3,2,4,2,3,4,3,43.6,0
93,"prog_2","cohort_2",34,"woman",1,1,"fellowship",4.9,6.4,61,3,3,2,2,1,4,4,4,4,4,43.6,1
94,"prog_3","cohort_1",30,"woman",0,1,"fellowship",6.5,7.8,42,4,4,4,5,5,1,1,2,1,1,79,0
95,"prog_2","cohort_3",28,"man",1,1,"fellowship",6.6,5.6,46,3,3,5,4,4,3,3,3,3,3,48.3,0
96,"prog_3","cohort_2",26,"woman",1,5,"RA",7.5,3.4,61,4,3,5,4,4,5,5,5,5,5,54.5,1
97,"prog_4","cohort_1",32,"woman",1,1,"TA",4.6,5.4,53,4,3,2,2,3,4,4,3,4,3,55.2,1
98,"prog_1","cohort_3",30,"man",0,3,"fellowship",5.2,6.9,62,3,4,4,3,2,2,2,2,2,2,46.8,0
99,"prog_2","cohort_1",28,"woman",1,6,"fellowship",6.1,3.8,64,4,2,3,3,3,5,5,4,5,4,43.8,1
100,"prog_1","cohort_2",26,"woman",0,2,"fellowship",2.8,2.7,71,1,1,1,2,2,3,4,3,2,3,37.8,0
101,"prog_5","cohort_2",22,"man",0,5,"TA",6.7,6.8,62,3,4,4,3,3,3,3,3,3,2,42.3,0
102,"prog_6","cohort_1",29,"woman",1,3,"unfunded",6.1,4.6,64,3,3,2,2,2,3,3,3,3,3,45.7,1
103,"prog_6","cohort_3",29,"woman",0,2,"unfunded",3.4,2.9,49,3,3,3,2,3,4,5,4,5,5,40.8,1
104,"prog_4","cohort_1",28,"woman",0,5,"RA",5,2.7,53,2,1,2,1,2,3,3,3,3,3,59.2,0
105,"prog_3","cohort_3",27,"man",0,2,"TA",4,7,68,3,2,3,3,3,3,3,3,3,2,31.2,1
106,"prog_1","cohort_3",29,"woman",0,4,"RA",6.6,5,51,1,2,2,1,2,2,2,2,2,3,74.1,0
107,"prog_3","cohort_3",28,"woman",1,1,"unfunded",4,5.2,56,3,2,3,2,2,3,2,3,3,3,44.9,0
108,"prog_5","cohort_2",26,"woman",1,1,"TA",4.9,6.1,37,3,2,3,3,3,4,4,4,4,4,50.8,0
109,"prog_3","cohort_3",29,"woman",0,1,"unfunded",3.1,6,39,4,3,3,4,4,5,4,4,4,4,48.1,1
110,"prog_3","cohort_1",26,"man",1,1,"TA",7,3.8,49,4,5,5,4,5,3,4,4,4,2,41.4,1
111,"prog_1","cohort_2",29,"man",0,3,"fellowship",6.2,1.4,66,3,2,4,2,3,3,2,2,4,3,41,0
112,"prog_4","cohort_2",26,"woman",0,2,"RA",4.3,5.8,54,3,3,4,4,3,2,2,2,3,2,50.2,0
113,"prog_6","cohort_3",27,"woman",0,3,"TA",5.6,3.5,62,2,3,3,2,2,4,5,4,5,5,52.9,1
114,"prog_6","cohort_3",26,"woman",0,4,"TA",5.9,3.2,54,4,4,3,4,3,3,4,3,3,4,49.1,0
115,"prog_5","cohort_2",29,"woman",1,3,"TA",4.6,6.3,46,5,3,4,4,3,4,2,3,2,3,45.8,1
116,"prog_3","cohort_1",29,"man",0,3,"fellowship",8.8,4.4,42,2,2,2,2,3,3,3,3,4,4,58.7,0
117,"prog_6","cohort_1",29,"woman",0,2,"TA",5.6,4.5,44,1,1,2,1,2,2,3,2,2,2,64.4,1
118,"prog_3","cohort_2",25,"nonbinary",0,3,"TA",5.1,3.4,79,4,3,2,2,4,1,1,2,1,3,39.1,1
119,"prog_1","cohort_1",26,"man",0,4,"RA",2.1,5.7,58,2,1,2,3,2,2,2,1,1,2,34.7,0
120,"prog_5","cohort_2",26,"woman",0,2,"fellowship",7.2,4,54,3,3,3,4,3,3,2,2,2,3,66.2,0
121,"prog_2","cohort_1",28,"woman",0,2,"TA",5.4,4.1,47,3,3,3,3,4,3,3,3,3,3,57.1,1
122,"prog_2","cohort_3",24,"man",1,6,"TA",1.9,5.5,62,3,2,3,3,2,4,3,4,4,4,31.8,1
123,"prog_3","cohort_3",28,"man",0,1,"RA",4.9,3.6,52,3,3,3,3,3,4,4,4,5,3,39.4,1
124,"prog_2","cohort_2",27,"woman",0,2,"TA",5.4,5.7,50,2,2,2,2,2,3,4,3,2,3,69.9,0
125,"prog_2","cohort_1",27,"woman",0,3,"fellowship",1.6,4.3,71,3,2,2,3,2,1,2,2,3,2,17.7,0
126,"prog_1","cohort_3",24,"woman",0,4,"TA",3.1,6.1,46,3,2,2,3,3,3,3,3,3,3,44.6,1
127,"prog_3","cohort_1",24,"woman",0,1,"unfunded",6.1,5.4,54,3,2,3,3,2,3,3,2,4,3,69.3,0
128,"prog_6","cohort_2",30,"man",0,2,"RA",5.5,3.8,63,5,5,5,5,4,2,2,2,3,1,24.1,0
129,"prog_2","cohort_3",25,"nonbinary",0,3,"fellowship",5.9,3.7,47,3,3,3,3,3,4,4,4,5,4,39.1,1
130,"prog_3","cohort_2",28,"woman",0,4,"fellowship",5.1,4.1,63,4,3,4,4,3,1,2,2,1,1,55.1,1
131,"prog_3","cohort_2",30,"man",1,2,"fellowship",4.8,5.2,43,2,2,2,2,2,2,4,4,4,3,45.9,0
132,"prog_5","cohort_3",30,"nonbinary",1,5,"fellowship",4.8,3.8,41,3,2,2,3,3,3,5,4,4,3,34.4,1
133,"prog_6","cohort_1",31,"man",0,1,"TA",5.5,3.5,47,3,4,5,3,3,3,3,3,4,4,39.8,0
134,"prog_6","cohort_3",31,"woman",0,3,"fellowship",5.3,5,55,2,2,3,2,2,3,3,3,3,4,66.7,1
135,"prog_1","cohort_2",24,"woman",0,1,"fellowship",7.3,4.3,52,4,4,3,4,4,5,5,5,5,5,49.5,1
136,"prog_2","cohort_3",29,"woman",0,3,"fellowship",5.1,4.4,62,3,3,4,2,3,4,4,4,4,4,53.7,1
137,"prog_3","cohort_1",29,"man",0,6,"fellowship",4.8,6,48,3,3,3,5,3,2,3,3,3,4,57.6,0
138,"prog_5","cohort_1",29,"woman",0,1,"TA",7.2,4.7,62,2,3,2,3,3,4,4,5,5,5,55.8,0
139,"prog_5","cohort_3",24,"woman",0,5,"fellowship",5.4,7.2,36,4,4,3,3,3,2,3,2,2,3,55.3,0
140,"prog_2","cohort_3",29,"woman",1,1,"RA",5,6.1,54,3,2,2,2,2,4,4,4,4,4,54.4,0
141,"prog_5","cohort_3",24,"man",0,6,"fellowship",5.4,4.5,60,2,2,3,2,2,2,2,1,1,1,33.2,0
142,"prog_4","cohort_1",32,"woman",0,1,"unfunded",5,6.2,79,3,2,3,2,2,5,5,5,5,4,55.9,1
143,"prog_5","cohort_2",31,"man",0,3,"fellowship",5,5.9,63,5,5,3,5,4,5,5,5,5,5,23.5,0
144,"prog_2","cohort_2",26,"woman",0,4,"fellowship",3.8,2.5,47,4,3,2,3,2,4,3,3,3,4,54.1,0
145,"prog_1","cohort_3",30,"man",0,2,"RA",4.6,6.9,68,3,2,3,3,3,3,3,3,4,4,40.3,1
146,"prog_5","cohort_2",24,"woman",1,2,"fellowship",7.1,4,49,5,4,3,4,4,2,3,3,4,3,58.9,0
147,"prog_4","cohort_1",29,"man",1,6,"RA",6,4.8,66,2,3,1,3,3,1,2,2,1,1,53.8,1
148,"prog_6","cohort_2",30,"man",0,3,"TA",6.6,4.9,53,1,2,2,1,1,2,2,2,3,3,47.1,0
149,"prog_1","cohort_1",27,"man",0,2,"TA",7.5,8.1,59,1,2,1,1,1,3,3,3,4,4,60,1
150,"prog_6","cohort_1",29,"woman",0,2,"TA",5.4,3.6,65,4,3,4,3,3,3,4,4,4,4,36.1,1
151,"prog_5","cohort_3",32,"woman",0,4,"fellowship",4.6,5.2,56,2,2,1,1,2,5,4,3,4,3,50.9,1
152,"prog_2","cohort_1",27,"woman",0,6,"TA",3.8,4.3,58,3,4,3,2,4,3,2,3,3,3,50.4,1
153,"prog_2","cohort_1",29,"woman",1,1,"RA",5.2,5.8,54,3,4,3,4,4,4,3,3,3,4,48.3,0
154,"prog_5","cohort_3",28,"woman",0,1,"unfunded",3.5,3.1,33,3,4,3,2,3,4,4,5,3,3,42.7,0
155,"prog_2","cohort_2",24,"man",1,1,"fellowship",7.3,4.5,61,3,2,3,2,3,3,4,3,2,3,58.9,0
156,"prog_1","cohort_3",23,"man",1,2,"RA",5.2,6,51,1,3,3,3,2,4,4,4,4,4,46,0
157,"prog_3","cohort_3",27,"man",0,3,"TA",4.1,4.4,61,3,2,3,2,3,4,3,4,5,4,39.4,0
158,"prog_1","cohort_3",31,"woman",1,5,"TA",4.9,3.7,46,4,4,3,3,4,3,3,3,3,3,45,0
159,"prog_1","cohort_1",26,"man",0,5,"fellowship",5.9,2.7,57,2,2,2,2,2,4,5,5,5,4,34,0
160,"prog_2","cohort_3",20,"woman",0,4,"TA",4.7,3.2,54,3,4,3,3,4,3,3,2,3,3,58.2,0
161,"prog_1","cohort_3",28,"woman",0,2,"fellowship",3.2,5.3,59,3,2,2,3,2,5,5,4,5,4,40.2,1
162,"prog_1","cohort_3",26,"woman",0,5,"RA",4.9,6.7,48,1,1,1,1,1,4,4,3,4,5,66,0
163,"prog_2","cohort_2",23,"man",0,5,"TA",5,7.8,45,1,2,2,1,2,3,3,3,3,3,56.2,0
164,"prog_5","cohort_1",23,"man",0,4,"unfunded",5.4,7.1,45,3,4,4,4,4,3,3,2,3,3,39.5,1
165,"prog_5","cohort_3",26,"man",1,3,"TA",7.1,4.7,46,2,3,3,2,3,2,3,3,2,3,54.8,1
166,"prog_3","cohort_2",26,"woman",0,2,"RA",5.6,4.9,55,4,3,5,3,4,2,3,2,3,3,61.6,0
167,"prog_1","cohort_1",27,"man",0,5,"RA",5.5,7,76,3,4,3,4,3,3,2,1,2,3,41.7,1
168,"prog_3","cohort_2",28,"woman",1,3,"RA",4.5,6,55,1,1,2,1,1,3,3,3,3,3,61.5,1
169,"prog_6","cohort_1",25,"woman",1,6,"TA",3.1,3.2,77,2,2,3,3,2,3,5,3,3,4,19.4,1
170,"prog_1","cohort_3",30,"man",1,4,"RA",4.6,7.6,57,4,3,3,3,4,4,2,3,3,4,33.8,1
171,"prog_4","cohort_1",27,"man",0,2,"fellowship",7.2,4.3,51,3,3,2,3,2,4,3,4,4,5,49.2,0
172,"prog_5","cohort_3",23,"man",1,1,"RA",5.6,2.3,51,1,2,2,1,2,5,5,5,5,5,33.8,1
173,"prog_4","cohort_2",32,"woman",0,2,"RA",4.1,6.3,51,3,3,2,4,3,5,5,5,4,5,57.9,1
174,"prog_5","cohort_3",22,"man",0,6,"fellowship",3.7,5.8,47,2,2,3,2,3,1,1,2,1,2,34.4,1
175,"prog_4","cohort_2",30,"man",0,4,"TA",4.8,2.6,67,4,4,4,3,4,1,2,1,1,1,37,0
176,"prog_2","cohort_3",23,"man",1,3,"RA",4.5,2.8,56,3,3,2,3,3,2,2,2,3,2,34.2,1
177,"prog_4","cohort_1",29,"nonbinary",0,4,"TA",6.5,5.3,54,3,3,2,3,3,4,4,3,4,4,48.2,0
178,"prog_4","cohort_1",28,"woman",0,4,"RA",3.4,6.3,56,3,3,3,3,4,5,5,5,4,4,43.6,1
179,"prog_3","cohort_3",31,"nonbinary",1,1,"RA",5.2,7.4,42,2,3,3,2,3,5,4,5,5,5,53.9,1
180,"prog_3","cohort_1",29,"woman",1,3,"RA",3.5,3.5,45,1,2,2,1,1,4,5,5,5,5,53.9,1
181,"prog_5","cohort_2",29,"nonbinary",0,2,"fellowship",6.3,5.1,75,2,2,3,3,3,4,5,5,4,5,25.4,1
182,"prog_5","cohort_1",31,"man",1,3,"RA",6.9,3.6,62,3,3,4,3,4,4,4,5,5,4,31.7,0
183,"prog_1","cohort_3",25,"man",0,1,"RA",6.5,3.4,54,3,3,3,4,4,1,1,1,1,2,47,0
184,"prog_6","cohort_1",33,"woman",0,6,"TA",7.3,3.1,47,3,2,2,3,2,2,2,3,2,1,69.7,0
185,"prog_5","cohort_2",29,"man",1,3,"RA",5.6,3.1,52,2,1,2,1,2,2,2,2,2,1,41.6,0
186,"prog_1","cohort_3",26,"woman",1,2,"TA",7.5,2.9,53,4,4,4,4,3,4,5,5,5,4,51.2,1
187,"prog_2","cohort_2",27,"man",0,1,"fellowship",5.5,6.7,61,3,4,3,3,3,3,4,4,4,3,42.6,1
188,"prog_3","cohort_3",26,"woman",0,2,"TA",5.3,7.1,44,4,3,3,3,4,3,3,3,3,3,69.3,0
189,"prog_4","cohort_3",27,"man",0,2,"RA",4.7,4.3,25,5,4,4,4,4,3,4,4,2,3,44.2,1
190,"prog_1","cohort_1",32,"man",0,5,"TA",3.8,8.4,62,3,2,3,2,3,2,2,2,3,2,43.4,0
191,"prog_5","cohort_2",28,"nonbinary",0,5,"fellowship",6.3,4.7,53,4,3,3,3,4,5,5,5,5,5,29.8,1
192,"prog_6","cohort_3",27,"woman",0,3,"TA",1.7,2,70,3,4,4,2,4,2,2,2,3,2,27.2,1
193,"prog_1","cohort_2",29,"man",1,2,"fellowship",3.6,5.2,41,3,3,3,2,3,4,5,3,4,5,36.3,1
194,"prog_6","cohort_3",27,"man",0,1,"unfunded",3.2,4.5,63,2,2,3,2,2,3,3,3,3,3,39.6,0
195,"prog_4","cohort_2",28,"man",0,1,"TA",3.9,4.5,55,2,3,3,3,4,4,4,4,4,4,39.9,1
196,"prog_2","cohort_1",25,"woman",1,5,"fellowship",4.8,4.7,61,3,2,1,2,1,2,3,3,4,3,51.7,1
197,"prog_1","cohort_3",28,"woman",0,3,"RA",4.2,7,60,3,4,4,4,4,4,4,4,3,4,41.3,1
198,"prog_2","cohort_2",29,"nonbinary",0,2,"fellowship",6.7,3.7,49,4,4,3,4,4,1,1,2,1,1,60.4,0
199,"prog_1","cohort_1",25,"man",0,3,"fellowship",2.9,5.8,52,2,2,2,2,2,4,3,4,3,2,39.7,1
200,"prog_4","cohort_1",26,"man",0,3,"fellowship",4.3,6.6,61,3,2,2,4,3,4,5,3,5,5,53.4,0
201,"prog_1","cohort_2",28,"woman",1,4,"fellowship",3.9,3.9,67,3,2,2,2,2,5,4,5,4,4,37.7,1
202,"prog_1","cohort_1",21,"woman",0,1,"TA",3.7,1.9,40,4,4,5,4,3,2,3,2,3,3,28.8,1
203,"prog_4","cohort_3",26,"man",0,1,"TA",4.7,3.4,51,4,4,3,4,4,4,4,4,4,4,38.8,1
204,"prog_2","cohort_2",26,"nonbinary",1,2,"RA",4.7,3.7,59,4,3,3,4,3,4,4,4,4,3,27.5,1
205,"prog_3","cohort_3",22,"woman",0,1,"RA",4.4,4.7,48,3,3,3,4,4,5,4,4,4,5,38.4,0
206,"prog_3","cohort_2",27,"man",0,2,"TA",6,2.4,47,2,2,3,2,3,3,3,3,2,3,43.6,0
207,"prog_4","cohort_3",26,"woman",0,4,"TA",4.8,3.5,67,5,5,5,4,5,3,2,3,3,3,31.1,1
208,"prog_1","cohort_2",22,"man",0,1,"TA",6.7,5.9,70,2,3,2,3,3,4,3,4,4,3,45.1,0
209,"prog_4","cohort_1",29,"woman",1,2,"TA",5.4,5.8,54,4,4,5,4,4,4,4,4,4,4,67.8,0
210,"prog_1","cohort_2",30,"woman",0,3,"RA",8,6.1,65,4,4,4,4,4,4,2,3,3,5,57.5,1
211,"prog_3","cohort_2",28,"woman",0,4,"RA",5.5,6.3,28,4,3,3,3,4,3,3,3,1,3,68.1,0
212,"prog_5","cohort_2",32,"man",1,1,"RA",4.8,8.4,61,2,2,2,2,3,4,4,3,3,3,48.7,1
213,"prog_6","cohort_1",31,"woman",0,1,"TA",2.7,5.2,51,2,1,1,2,2,2,2,3,3,2,43.1,1
214,"prog_5","cohort_1",27,"woman",1,4,"fellowship",5,8.8,53,3,3,3,2,3,2,4,3,4,3,49.7,1
215,"prog_1","cohort_3",26,"nonbinary",1,2,"TA",6.3,4.7,50,4,4,3,3,4,3,4,3,2,3,46.7,1
216,"prog_1","cohort_1",27,"woman",1,3,"fellowship",5.4,5.7,50,2,1,2,2,3,2,3,3,3,3,72.2,0
217,"prog_1","cohort_1",31,"man",0,2,"RA",2.4,3.7,50,3,4,4,3,4,3,2,4,4,3,27.3,1
218,"prog_1","cohort_2",23,"man",0,1,"TA",5.1,4.3,57,4,4,3,4,4,4,4,4,5,5,43.7,0
219,"prog_5","cohort_1",29,"man",0,6,"unfunded",5.3,8.4,58,1,1,1,1,1,3,4,4,4,4,51.2,0
220,"prog_4","cohort_1",26,"woman",1,1,"RA",5.3,2.3,49,4,4,4,3,4,4,3,3,3,3,60.9,1
221,"prog_2","cohort_1",28,"woman",0,3,"unfunded",4.6,6.1,57,3,2,3,2,2,5,5,5,5,5,49.3,0
222,"prog_4","cohort_3",30,"woman",0,2,"TA",4.3,4.1,60,3,4,4,4,4,5,4,3,4,5,41.8,1
223,"prog_4","cohort_1",23,"man",0,6,"unfunded",7.2,5.5,56,2,4,3,3,2,3,3,2,2,3,62.3,0
224,"prog_5","cohort_3",24,"man",0,5,"RA",5.4,6.2,51,2,1,3,2,2,5,5,5,5,5,36.2,1
225,"prog_2","cohort_3",28,"man",0,5,"TA",6.6,4.4,44,4,3,4,3,4,3,4,3,3,4,60.2,0
226,"prog_3","cohort_1",25,"woman",0,6,"fellowship",5.7,4.7,58,3,3,4,2,3,3,2,2,3,3,61,0
227,"prog_3","cohort_2",27,"man",0,3,"TA",4.5,5.4,48,1,1,1,1,1,3,3,2,2,3,54.2,0
228,"prog_3","cohort_3",24,"woman",0,2,"RA",4.7,3.4,60,3,2,3,1,2,1,1,1,1,1,67.5,0
229,"prog_5","cohort_1",26,"man",0,1,"RA",6.2,3.9,46,4,3,4,4,3,5,5,4,5,4,32.2,1
230,"prog_6","cohort_3",27,"man",0,3,"RA",4.3,7,70,4,4,5,5,4,3,3,3,3,3,42.7,1
231,"prog_2","cohort_3",26,"woman",0,3,"TA",3.7,5.9,47,2,3,3,3,3,3,3,2,2,4,42.3,0
232,"prog_6","cohort_3",25,"man",1,2,"RA",6.5,5.7,65,3,3,2,2,3,3,3,3,2,4,43.4,0
233,"prog_3","cohort_1",27,"man",0,6,"RA",6.2,4.3,50,1,2,2,2,2,3,2,4,2,4,59,1
234,"prog_2","cohort_1",22,"woman",1,3,"TA",5.9,5.4,68,2,1,2,1,1,3,4,3,4,4,53.6,0
235,"prog_1","cohort_2",29,"woman",0,1,"fellowship",6.5,6.8,59,2,1,2,2,3,3,3,3,4,3,68.2,1
236,"prog_5","cohort_1",30,"man",0,3,"TA",4.9,2.5,73,2,3,3,3,3,2,1,1,1,1,26.7,0
237,"prog_4","cohort_2",25,"nonbinary",1,1,"RA",3.8,3.2,59,2,3,2,2,3,4,4,4,4,4,22.8,0
238,"prog_2","cohort_1",27,"woman",1,2,"TA",3.8,4.8,44,2,3,3,2,3,4,4,4,3,3,48.7,1
239,"prog_2","cohort_1",26,"nonbinary",0,2,"TA",4.2,3.5,49,2,2,2,2,2,3,3,3,4,4,40.3,0
240,"prog_3","cohort_3",29,"woman",0,5,"TA",5.1,5.1,46,3,3,2,3,4,4,5,4,4,5,53.4,0
241,"prog_5","cohort_1",23,"man",1,6,"fellowship",3.6,7.3,62,5,5,4,4,5,3,3,2,2,3,20.7,0
242,"prog_6","cohort_2",31,"woman",0,2,"RA",6.9,5.5,38,4,3,3,2,3,4,3,2,2,3,76.7,0
243,"prog_4","cohort_2",29,"woman",1,1,"unfunded",7,4.4,68,1,1,1,1,1,3,3,3,3,2,65.9,1
244,"prog_2","cohort_2",29,"woman",0,1,"fellowship",2.8,4.1,44,3,2,2,3,3,5,5,5,5,4,43.8,0
245,"prog_1","cohort_1",23,"woman",1,3,"RA",4.4,7.5,41,5,4,4,4,4,3,3,4,3,4,39.3,1
246,"prog_3","cohort_3",29,"man",0,2,"TA",3.9,4.7,63,4,4,4,4,4,3,4,2,3,3,36.7,0
247,"prog_3","cohort_1",27,"woman",0,3,"unfunded",4.1,5.2,64,2,3,3,3,3,2,2,1,2,2,66.4,0
248,"prog_6","cohort_2",25,"woman",0,6,"TA",5.9,4.3,61,5,4,5,5,3,4,3,3,4,3,44.7,1
249,"prog_4","cohort_3",26,"man",0,6,"TA",7.3,5.6,48,3,3,3,3,3,4,3,4,5,4,46.1,0
250,"prog_2","cohort_2",30,"woman",0,2,"RA",5,6.5,44,3,3,2,3,3,3,5,4,4,4,52.7,1
251,"prog_1","cohort_1",31,"woman",0,2,"TA",6.9,4.3,63,3,4,4,3,4,1,2,2,2,2,56.1,1
252,"prog_3","cohort_2",30,"woman",0,3,"fellowship",5.6,4.3,49,3,3,2,2,2,3,3,4,4,4,75.9,0
253,"prog_2","cohort_1",29,"man",1,3,"TA",5,4.7,48,3,3,2,3,3,4,4,4,3,3,26.5,0
254,"prog_1","cohort_3",26,"woman",1,3,"RA",7.2,3.6,47,2,2,2,3,4,3,3,4,4,3,59.2,0
255,"prog_3","cohort_3",31,"woman",0,1,"fellowship",7,4.4,61,1,1,2,1,2,3,3,4,4,3,71.4,1
256,"prog_2","cohort_2",28,"woman",0,2,"fellowship",5,4.4,65,4,4,3,4,3,5,5,5,5,5,33.5,1
257,"prog_6","cohort_2",25,"woman",0,4,"fellowship",5.7,5.6,72,3,3,3,3,3,1,2,1,2,2,45.6,0
258,"prog_4","cohort_3",26,"woman",0,3,"unfunded",5.8,4.5,55,4,4,4,3,3,5,4,4,4,4,60.3,1
259,"prog_5","cohort_3",31,"woman",0,3,"RA",5.8,4.8,48,3,3,4,4,3,4,3,4,3,4,56.4,1
260,"prog_4","cohort_2",27,"man",0,2,"fellowship",5.6,6.7,55,3,2,4,4,3,2,1,2,1,1,64.4,0
261,"prog_3","cohort_3",27,"woman",0,4,"TA",4.1,4.4,55,3,3,4,3,4,3,3,2,2,2,56.6,1
262,"prog_4","cohort_2",26,"woman",0,6,"RA",4.9,4.5,62,2,2,3,2,2,3,3,3,3,3,48.7,0
263,"prog_2","cohort_1",29,"man",1,1,"TA",6.7,7.4,72,4,2,3,3,3,5,5,5,5,5,36.2,1
264,"prog_4","cohort_3",28,"man",0,4,"unfunded",7.2,3.2,55,3,3,3,3,3,4,5,3,4,5,51,1
265,"prog_1","cohort_1",28,"woman",0,2,"RA",4.5,5,57,3,4,4,3,4,4,4,4,4,4,39.3,1
266,"prog_4","cohort_2",32,"woman",0,5,"RA",2.9,4.4,61,2,2,3,2,3,4,3,4,4,3,49.5,0
267,"prog_3","cohort_3",27,"man",0,4,"TA",6,5.7,75,4,3,3,3,3,3,3,2,3,3,48.1,0
268,"prog_3","cohort_2",25,"woman",1,1,"fellowship",5,3.7,63,3,2,2,2,2,4,4,3,5,4,41.4,0
269,"prog_3","cohort_3",21,"man",0,1,"fellowship",4.8,5,68,3,2,3,2,2,4,3,3,4,4,40.5,0
270,"prog_6","cohort_3",27,"woman",0,6,"TA",4,6.4,51,4,4,4,4,4,3,3,3,3,4,49.1,0
271,"prog_1","cohort_1",27,"woman",1,4,"TA",2.3,5,48,4,4,4,4,3,1,1,2,1,1,42.4,0
272,"prog_3","cohort_2",24,"woman",0,2,"TA",4.6,6.7,39,2,3,2,2,3,3,2,2,2,2,67.2,0
273,"prog_3","cohort_2",28,"woman",0,5,"TA",6.4,3.8,57,3,4,5,4,3,4,5,5,4,3,57.1,1
274,"prog_2","cohort_1",27,"man",0,3,"RA",7.1,4.3,54,4,5,3,4,4,3,3,3,3,3,34.2,1
275,"prog_4","cohort_1",26,"woman",0,6,"fellowship",5.6,5.8,73,3,3,3,3,3,1,2,3,2,1,42.1,1
276,"prog_1","cohort_2",24,"woman",0,2,"TA",5.3,6.8,37,2,3,3,2,3,4,5,5,5,5,63.1,1
277,"prog_5","cohort_2",18,"woman",1,2,"TA",3.3,5.5,52,2,2,2,2,2,3,4,4,3,2,38.5,1
278,"prog_4","cohort_1",23,"woman",0,3,"fellowship",2.7,4.4,44,3,3,3,2,4,4,3,2,4,2,42.9,1
279,"prog_5","cohort_2",26,"woman",0,2,"fellowship",6.1,3.8,54,3,2,3,2,3,3,3,3,3,3,63.4,0
280,"prog_3","cohort_2",24,"man",0,5,"TA",4.4,4.9,53,3,3,2,4,3,3,4,4,3,4,41.9,0
281,"prog_6","cohort_1",22,"woman",0,5,"TA",4.4,5.5,52,3,3,3,3,3,4,3,4,4,4,53.9,0
282,"prog_6","cohort_1",29,"woman",0,1,"unfunded",3.8,3.4,35,2,3,2,2,2,1,2,2,2,2,50.7,0
283,"prog_1","cohort_3",28,"man",1,6,"fellowship",2.9,5.3,51,2,3,2,3,3,4,4,3,4,3,36.7,0
284,"prog_5","cohort_2",26,"man",0,5,"unfunded",4.1,7,52,2,2,2,2,1,4,4,4,3,4,29.8,0
285,"prog_3","cohort_1",31,"woman",0,1,"RA",6.2,5.2,44,2,3,3,3,1,2,3,3,3,3,64,0
286,"prog_2","cohort_2",24,"woman",0,2,"unfunded",5.4,7.2,51,2,1,2,3,1,2,3,3,2,4,55.2,1
287,"prog_3","cohort_3",26,"man",1,4,"RA",5.3,3.7,61,2,4,3,2,3,3,3,4,2,2,35.9,1
288,"prog_5","cohort_1",28,"woman",0,2,"TA",7.1,6.3,49,4,3,3,3,4,3,4,2,3,3,60.6,0
289,"prog_2","cohort_1",33,"woman",0,3,"TA",2.4,4.8,71,3,4,3,3,3,3,4,4,3,3,37.1,0
290,"prog_4","cohort_2",31,"man",0,4,"TA",5.8,3.6,54,3,3,4,3,3,2,3,3,3,3,51.1,1
291,"prog_2","cohort_1",25,"woman",0,5,"fellowship",5.5,8.2,61,4,4,4,5,4,3,2,3,2,3,56.5,1
292,"prog_6","cohort_3",26,"woman",0,2,"fellowship",3.8,2.8,61,4,3,3,3,2,3,2,3,3,3,34.2,1
293,"prog_6","cohort_2",21,"man",0,1,"TA",4.9,4.8,42,1,2,2,2,2,4,4,5,4,3,35.5,1
294,"prog_1","cohort_1",27,"woman",0,2,"RA",6.3,4.2,54,4,4,4,4,4,4,4,4,5,3,42.6,1
295,"prog_2","cohort_1",30,"man",0,6,"RA",2.6,2,50,4,5,4,4,3,2,2,2,3,3,28.6,1
296,"prog_4","cohort_3",24,"nonbinary",1,1,"TA",3.4,5.9,47,2,3,2,2,2,2,3,2,2,3,50.7,1
297,"prog_2","cohort_3",31,"man",1,3,"TA",4.1,4.6,48,3,3,5,3,3,3,3,3,3,3,40.2,1
298,"prog_4","cohort_2",25,"nonbinary",0,3,"fellowship",6.4,4.4,54,1,1,2,2,1,3,3,3,3,3,62.7,0
299,"prog_3","cohort_3",31,"woman",0,2,"fellowship",5.7,5.5,54,4,4,5,4,4,3,3,3,3,3,57.4,1
300,"prog_5","cohort_1",22,"woman",0,6,"TA",5.8,4.5,54,4,3,3,3,4,5,5,5,4,4,49.2,0
